|Picklist Type|Picklist Value|Description|Region Country
|FV9EngineeringUnit|Amperes||
|FV9EngineeringUnit|Amps/Sec||
|FV9EngineeringUnit|Cn||
|FV9EngineeringUnit|Counts||
|FV9EngineeringUnit|Days||
|FV9EngineeringUnit|DegC||
|FV9EngineeringUnit|DegC/Volt||
|FV9EngineeringUnit|Degrees||
|FV9EngineeringUnit|Detents||
|FV9EngineeringUnit|Discrete||
|FV9EngineeringUnit|FitConst||
|FV9EngineeringUnit|Hertz||
|FV9EngineeringUnit|Hours||
|FV9EngineeringUnit|Index||
|FV9EngineeringUnit|kilometers||
|FV9EngineeringUnit|KPH||
|FV9EngineeringUnit|Liters/Sec||
|FV9EngineeringUnit|m/s^2||
|FV9EngineeringUnit|MicroSeconds||
|FV9EngineeringUnit|Milliamps||
|FV9EngineeringUnit|Millibars||
|FV9EngineeringUnit|Milliseconds||
|FV9EngineeringUnit|mohms||
|FV9EngineeringUnit|Minutes||
|FV9EngineeringUnit|N/A||
|FV9EngineeringUnit|Nm||
|FV9EngineeringUnit|None||
|FV9EngineeringUnit|Ohms||
|FV9EngineeringUnit|Percent||
|FV9EngineeringUnit|Percent/Volt||
|FV9EngineeringUnit|PSI||
|FV9EngineeringUnit|Ratio||
|FV9EngineeringUnit|RPM||
|FV9EngineeringUnit|Seconds||
|FV9EngineeringUnit|Volts||
|FV9EngineeringUnit|Volts/msec||
|FV9EngineeringUnit|Volts/Sec||		
|FV9StorageClass|Constant||
|FV9StorageClass|No Storage In Memory||
|FV9StorageClass|Non-Volatile -- Factory Set Method 2||
|FV9StorageClass|Non-Volatile -- Factory Set Method 3||
|FV9StorageClass|Non-Volatile -- Customer Set||
|FV9StorageClass|Non-Volatile -- Functional Requirement||
|FV9StorageClass|Parameter Constant||
|FV9StorageClass|Signal Constant||
|FV9StorageClass|Volatile||
|FV9StorageClass|Undefined||       
|FV9DataCategory|Calibration||
|FV9DataCategory|Configuration||	   
|FV9DataCategory|Composite||		   
|FV9DataCategory|CAN||	   
|FV9DataCategory|CAN &amp; LIN||		   
|FV9DataCategory|CAN Input||		   
|FV9DataCategory|CAN Output||	   
|FV9DataCategory|Discrete||		   
|FV9DataCategory|ECU Internal||	   
|FV9DataCategory|HW Input||	   
|FV9DataCategory|HW Output||	   
|FV9DataCategory|Index||	   
|FV9DataCategory|K-Line||	   
|FV9DataCategory|LIN||		   
|FV9DataCategory|Numeric||		   
|FV9DataCategory|Undefined||     
|FV9GroupConfigList|BMS - Battery||     
|FV9GroupConfigList|BMS - Engine||     
|FV9GroupConfigList|Body Configuration||     
|FV9GroupConfigList|LIN Configuration||     
|FV9GroupConfigList|Personalization||     
|FV9GroupConfigList|Hardware Thresholds Configuration||     


