|Picklist Type|Picklist Value|Description|Region Country
|FV9FailureModeGW|No||
|FV9FailureModeGW|Unintended||
|FV9FailureModeGW|Inverted||
|FV9FailureModeGW|Early||
|FV9FailureModeGW|Late||
|FV9FailureModeGW|Intermittent||
|FV9VNVMethod|Vehicle test||
|FV9VNVMethod|Peer review||
|FV9VNVMethod|System test||
|FV9VNVMethod|Software test||
|FV9FSMalfunBehGuideW|No||
|FV9FSMalfunBehGuideW|Unintended||
|FV9FSMalfunBehGuideW|Inverted||
|FV9FSMalfunBehGuideW|Early||
|FV9FSMalfunBehGuideW|Late||
|FV9FSMalfunBehGuideW|Intermittent||
|FV9FSMalfunBehGuideW|More||
|FV9FSMalfunBehGuideW|Less||
|FV9FSDiagType|Safety Goal Concept||
|FV9FSDiagType|Warning and Recovery Concept||
|FV9FSDiagType|ASIL Allocation Diagram ||
|FV9FSDiagType|Safety Architecture Concept||
|FV9FSAssmpCateg|Behavioral||
|FV9FSAssmpCateg|Vehicle||
|FV9FSAssmpCateg|Other Systems||
|FV9FSAssmpCateg|Controllability||

