|Picklist Type|Picklist Value|Description|Region Country
|FV9SWSRCategory|General Software Safety||
|FV9SWSRCategory|Safety Related Function||
|FV9SWSRCategory|Internal Fault Handling||
|FV9SWSRCategory|External Fault Handling||
|FV9SWSRCategory|Latent Fault Handling||
|FV9SWSRCategory|Reduced Functionality||
|FV9SWSRCategory|User Information||
|FV9SWSRCategory|Maintain Safe State/Recovery||
|FV9SWSRCategory|Independence||
|FV9SWSRCategory|Off-Board Tests and Co-ordination||
|FV9SWSRCategory|Production and Service Modification of Software||