|Picklist Type|Picklist Value|Description|Region Country
|FV9IMIssueType|Specification Issue||
|FV9IMIssueType|Test failure||
|FV9IMIssueType|Design Change Request||
|FV9IMIssueType|Implementation Issue||
|FV9IMIssueStat|Analyze||
|FV9IMIssueStat|Deferred||
|FV9IMIssueStat|Assigned||
|FV9IMIssueStat|Retest||
|FV9IMIssueStat|Closed||
|FV9IMEcuVariant|High||
|FV9IMEcuVariant|Medium||
|FV9IMEcuVariant|Low||
|FV9IMPropStatus|Analyze||
|FV9IMPropStatus|Deferred||
|FV9IMPropStatus|Assigned||
|FV9IMPropStatus|Retest||
|FV9IMPropStatus|Closed||
|FV9IMRiskfactor|Legal||
|FV9IMRiskfactor|Major||
|FV9IMRiskfactor|Minor||
|FV9IMPriori|Critical||
|FV9IMPriori|High||
|FV9IMPriori|Medium||
|FV9IMPriori|Low||
|FV9IMReaClos|Retest OK||
|FV9IMReaClos|Per Specification||
|FV9IMReaClos|Accepted as-is||
|FV9IMReaClos|Duplicate||
|FV9IMReaClos|Caused by test setup ||
|FV9IMAffCommodity|510 - Body and Security Electronics||
|FV9IMAffCommodity|511 - E/E Body Controllers||
|FV9IMAffCommodity|512 - Electromechanical Subsystems||
|FV9IMAffCommodity|513 - Driver Assistance||
|FV9IMAffCommodity|514 - Security and RF Subsystems||
|FV9IMAffCommodity|520 - Chassis Electronics||
|FV9IMAffCommodity|522 - Steering Electronics||
|FV9IMAffCommodity|530 - Driver Controls||
|FV9IMAffCommodity|531 - Climate Control||
|FV9IMAffCommodity|532 - Driver Information||
|FV9IMAffCommodity|533 - Switches||
|FV9IMAffCommodity|540 - EDS||
|FV9IMAffCommodity|541 - EDS Wiring||
|FV9IMAffCommodity|542 - EDS Components||
|FV9IMAffCommodity|550 - Electrical Architecture||
|FV9IMAffCommodity|551 - Vehicle Communication Network||
|FV9IMAffCommodity|552 - OBD-II interface||
|FV9IMAffCommodity|553 - Electrical Energy Management||
|FV9IMAffCommodity|555 - Electromagnetic Compatibility ||
|FV9IMAffCommodity|556 - Entertainment System Suppression||
|FV9IMAffCommodity|557 - E/E System Power Distribution/Grounding||
|FV9IMAffCommodity|558 - Generic Shared Circuits/Signals||
|FV9IMAffCommodity|560 - Multimedia||
|FV9IMAffCommodity|561 - Audio Head Units||
|FV9IMAffCommodity|562 - Speakrs and Amps||
|FV9IMAffCommodity|563 - Reception||
|FV9IMAffCommodity|564 - Navigation||
|FV9IMAffCommodity|565 - Sync||
|FV9IMAffCommodity|566 - Displays||
|FV9IMAffCommodity|570 - Power Supply||
|FV9IMAffCommodity|571 - Starter Motor ||
|FV9IMAffCommodity|572 - Battery/Heat Shield & Battery management System||
|FV9IMAffCommodity|573 - Generator/Alternator||
|FV9IMAffCommodity|580 - Safety Electronics||
|FV9IMAffCommodity|581 - Restrain Electronics||
|FV9IMAffCommodity|582 - Collision Avoidance||
|FV9IMAffCommodity|583 - Night Vision Sub-System||
|FV9IMAffCommodity|584 - Tire Pressure Warning & Adjust||
|FV9IMTestLevel|Requirement/ Specification||
|FV9IMTestLevel|Model||
|FV9IMTestLevel|MiL||
|FV9IMTestLevel|Component||
|FV9IMTestLevel|HiL Component||
|FV9IMTestLevel|Subsystem Board||
|FV9IMTestLevel|HiL System||
|FV9IMTestLevel|Vehicle Bread Board||
|FV9IMTestLevel|Vehicle||
|FV9IMTestMethod|Basic Component Acceptance Test||
|FV9IMTestMethod|Bread Board/ Subsystem Test||
|FV9IMTestMethod|Customer Feedback||
|FV9IMTestMethod|Fleet Test||
|FV9IMTestMethod|HiL Automated Test||
|FV9IMTestMethod|HiL Manual Test||
|FV9IMTestMethod|Model Review/ Test||
|FV9IMTestMethod|SiL Test||
|FV9IMTestMethod|Review||
|FV9IMTestMethod|Diagnostic Script Player||
|FV9IMTestTeam|Vehicle Board||
|FV9IMTestTeam|Vehicle Fleet||
|FV9IMTestTeam|System Integrator||
|FV9IMTestTeam|Diagnostic Team||
|FV9IMTestTeam|ISDV||
|FV9IMTestTeam|HiL||
|FV9IMTestTeam|D&R Engineer||
|FV9IMTestLoc|FNA||
|FV9IMTestLoc|FoE||
|FV9IMTestLoc|FoM||
|FV9IMTestLoc|FSAO||
|FV9IMTestLoc|FAPA||
|FV9IMTestLoc|MEA||
|FV9IMREvent|AR||
|FV9IMREvent|M1-DC||
|FV9IMREvent|X0||
|FV9IMREvent|X1||
|FV9IMREvent|XM||
|FV9IMREvent|XM-DJ||
|FV9IMREvent|PP||
|FV9IMREvent|TT||
|FV9IMREvent|FDJ||
|FV9IMREvent|J1||
|FV9IMREvent|J2||
|FV9IMREvent|J3||
|FV9IMREvent|M0||
|FV9IMREvent|M1||
|FV9IMREvent|M2||
|FV9IMREvent|Non R - Event||
|FV9IMREvent|Preliminary||
|FV9IMREvent|R0.5||
|FV9IMREvent|R00||
|FV9IMREvent|R01||
|FV9IMREvent|R02||
|FV9IMREvent|R03||
|FV9IMREvent|R04||
|FV9IMREvent|R05||
|FV9IMREvent|R06||
|FV9IMREvent|VP0||
|FV9IMREvent|VP1||
|FV9IMREvent|VP2||
|FV9IMREvent|VP3||
|FV9IMEcuVariant|High||
|FV9IMEcuVariant|Medium||
|FV9IMEcuVariant|Low||
|FVDocumentType|VSEM Import Template||