|Picklist Type|Picklist Value|Description|Region Country
|FV9DFMEAStatus|[1] not started||
|FV9DFMEAStatus|[2] under work||
|FV9DFMEAStatus|[3] under review||
|FV9DFMEAStatus|[4] signed off||
|FV9ECUComType|Gateway||
|FV9ECUComType|Main||
|FV9ECUDesignReviewStatus|[0] NA||
|FV9ECUDesignReviewStatus|[1] not planned yet||
|FV9ECUDesignReviewStatus|[2] planned||
|FV9ECUDesignReviewStatus|[3] review ongoing||
|FV9ECUDesignReviewStatus|[4] review completed||
|FV9EEArchSpecReleased|Yes||
|FV9EEArchSpecReleased|No||
|FV9ESDMReleased|NA||
|FV9ESDMReleased|Yes||
|FV9ESDMReleased|No||
|FV9FeatureDesignReviewStat|[0] NA||
|FV9FeatureDesignReviewStat|[1] not planned yet||
|FV9FeatureDesignReviewStat|[2] planned||
|FV9FeatureDesignReviewStat|[3] review ongoing||
|FV9FeatureDesignReviewStat|[4] review completed||
|FV9FeatureModelingStatus|[0] NA||
|FV9FeatureModelingStatus|[1] not started||
|FV9FeatureModelingStatus|[2] under work||
|FV9FeatureModelingStatus|[3] under review||
|FV9FeatureModelingStatus|[4] signed off||
|FV9FeaturePartitionCascaded|Yes||
|FV9FeaturePartitionCascaded|No||
|FV9FeatureType|Customer Feature|'Customer Feature'(customer visible features)|
|FV9FeatureType|Technical Feature|'Technical Feature'(such as vehicle controls)|
|FV9FunctionType|Input|Input Function means that you are converting device hardware [e.g., switch, sensor] into software|
|FV9FunctionType|Output|Output Function means that you are converting software into device hardware [such as turn on a motor, lamp or relay]|
|FV9FunctionType|Core|Core functions are not associated to devices|
|FV9IVSProdStrucCreated|NA||
|FV9IVSProdStrucCreated|Yes||
|FV9IVSProdStrucCreated|No||
|FV9FeatureLevelOfChange|NA|Not Applicable [ANI] [removed content?]|
|FV9FeatureLevelOfChange|C/O|Carryover <no new work required; use as-is; however there might be small changes> [C/O]|
|FV9FeatureLevelOfChange|N|Modified [N/M] [new content?]|
|FV9FeatureLevelOfChange|M|Modified [N/M] [new content?]|
|FV9MaturityLevel|WIP|Desire restriction that Core Feature/Function Owner can only set property value to WIP or Proposed whereas Feature Admin can set it to all values|
|FV9MaturityLevel|Approved|Desire restriction that Core Feature/Function Owner can only set property value to WIP or Proposed whereas Feature Admin can set it to all values|
|FV9MaturityLevel|Obsolete|Desire restriction that Core Feature/Function Owner can only set property value to WIP or Proposed whereas Feature Admin can set it to all values|
|FV9MSMaturityTarget|[0] NA||
|FV9MSMaturityTarget|[1] DS||
|FV9MSMaturityTarget|[2] INI||
|FV9MSMaturityTarget|[3] DEV||
|FV9MSMaturityTarget|[4] DI||
|FV9MSMaturityTarget|[5] PI||
|FV9MSMaturityTarget|[6] PR-F||
|FV9MSMaturityTarget|[7] PR-C||
|FV9NetcomReviewStatus|[0] NA||
|FV9NetcomReviewStatus|[1] not started||
|FV9NetcomReviewStatus|[2] ongoing||
|FV9NetcomReviewStatus|[3] finalized||
|FV9NetworkCom|HSCAN||
|FV9NetworkCom|MSCAN||
|FV9NetworkCom|LIN||
|FV9NetworkCom|FlexRay||
|FV9NetworkCom|MOST||
|FV9NetworkCom|SPI||
|FV9NetworkCom|Bluetooth||
|FV9NetworkCom|Wi-Fi||
|FV9NetworkCom|Ethernet||
|FV9FeaturePartition|UP||
|FV9FeaturePartition|UN||
|FV9FeaturePartition|UP+UN||
|FV9PrototypeBuildRelevant|M1||
|FV9PrototypeBuildRelevant|VP||
|FV9PrototypeBuildRelevant|Optional||
|FV9PrototypeBuildRelevant|No||
|FV9FeatureRegion|FNA||
|FV9FeatureRegion|FoE||
|FV9FeatureRegion|FAPA||
|FV9FeatureRegion|FSAO||
|FV9SourcedSupplier|TRW||
|FV9SourcedSupplier|Visteon||
|FV9SourcedSupplier|Autoliv||
|FV9SourcedSupplier|Laird||
|FV9SourcedSupplier|Delphi||
|FV9SourcedSupplier|Cequent||
|FV9SourcedSupplier|Clarion||
|FV9SourcedSupplier|Panasonic||
|FV9SourcedSupplier|Vector & Electrobit||
|FV9SourcedSupplier|Continental||
|FV9SourcedSupplier|Magna Electronics||
|FV9SourcedSupplier|Sony||
|FV9SourcedSupplier|JCI||
|FV9SourcedSupplier|M/A COM||
|FV9SourcedSupplier|Bosch||
|FV9SourcedSupplier|Denso||
|FV9SourcedSupplier|Nexteer||
|FV9SourcedSupplier|Kostal||
|FV9SourcedSupplier|Flextronics||
|FV9CountryRegion|MIDDLE EAST/AFRICA||
|FV9CountryRegion|ASIA/OCEANIA||
|FV9CountryRegion|CENTRAL AMERICA/CARIBBEAN||
|FV9CountryRegion|EUROPE||
|FV9CountryRegion|NORTH AMERICA||
|FV9CountryRegion|SOUTH AMERICA||
|FV9StdFeatureDeployEstb|Yes||
|FV9StdFeatureDeployEstb|No||
|FV9SwTDRStatus|[0] NA||
|FV9SwTDRStatus|[1] not started||
|FV9SwTDRStatus|[2] ongoing||
|FV9SwTDRStatus|[3] finalized||
|FV9CountryByRegion|Algeria||MIDDLE EAST/AFRICA
|FV9CountryByRegion|Angola||MIDDLE EAST/AFRICA
|FV9CountryByRegion|Bahrain||MIDDLE EAST/AFRICA
|FV9CountryByRegion|Benin [Dahomey]||MIDDLE EAST/AFRICA
|FV9CountryByRegion|Botswana||MIDDLE EAST/AFRICA
|FV9CountryByRegion|Burkina Faso||MIDDLE EAST/AFRICA
|FV9CountryByRegion|Burundi||MIDDLE EAST/AFRICA
|FV9CountryByRegion|Cameroon||MIDDLE EAST/AFRICA
|FV9CountryByRegion|Canary Islands- Ceuta & Melilla||MIDDLE EAST/AFRICA
|FV9CountryByRegion|Cape Verde Islands||MIDDLE EAST/AFRICA
|FV9CountryByRegion|Central African Republic||MIDDLE EAST/AFRICA
|FV9CountryByRegion|Chad||MIDDLE EAST/AFRICA
|FV9CountryByRegion|Comoros||MIDDLE EAST/AFRICA
|FV9CountryByRegion|Congo||MIDDLE EAST/AFRICA
|FV9CountryByRegion|Congo, Democratic Republic (formerly Zaire)||MIDDLE EAST/AFRICA
|FV9CountryByRegion|Djibouti||MIDDLE EAST/AFRICA
|FV9CountryByRegion|Egypt||MIDDLE EAST/AFRICA
|FV9CountryByRegion|Equatorial Guinea||MIDDLE EAST/AFRICA
|FV9CountryByRegion|Eritrea||MIDDLE EAST/AFRICA
|FV9CountryByRegion|Ethiopia||MIDDLE EAST/AFRICA
|FV9CountryByRegion|Gabon||MIDDLE EAST/AFRICA
|FV9CountryByRegion|Gambia||MIDDLE EAST/AFRICA
|FV9CountryByRegion|Ghana||MIDDLE EAST/AFRICA
|FV9CountryByRegion|Guinea||MIDDLE EAST/AFRICA
|FV9CountryByRegion|Guinea-Bissau||MIDDLE EAST/AFRICA
|FV9CountryByRegion|Iran||MIDDLE EAST/AFRICA
|FV9CountryByRegion|Iraq||MIDDLE EAST/AFRICA
|FV9CountryByRegion|Israel (including Palestine)||MIDDLE EAST/AFRICA
|FV9CountryByRegion|Ivory Coast||MIDDLE EAST/AFRICA
|FV9CountryByRegion|Jordan||MIDDLE EAST/AFRICA
|FV9CountryByRegion|Kenya||MIDDLE EAST/AFRICA
|FV9CountryByRegion|Kuwait||MIDDLE EAST/AFRICA
|FV9CountryByRegion|Lebanon||MIDDLE EAST/AFRICA
|FV9CountryByRegion|Lesotho||MIDDLE EAST/AFRICA
|FV9CountryByRegion|Liberia||MIDDLE EAST/AFRICA
|FV9CountryByRegion|Libya||MIDDLE EAST/AFRICA
|FV9CountryByRegion|Madagascar (Malagasy Rep)||MIDDLE EAST/AFRICA
|FV9CountryByRegion|Malawi||MIDDLE EAST/AFRICA
|FV9CountryByRegion|Mali||MIDDLE EAST/AFRICA
|FV9CountryByRegion|Mauritania||MIDDLE EAST/AFRICA
|FV9CountryByRegion|Mauritius||MIDDLE EAST/AFRICA
|FV9CountryByRegion|Mayotte||MIDDLE EAST/AFRICA
|FV9CountryByRegion|Morocco||MIDDLE EAST/AFRICA
|FV9CountryByRegion|Mozambique||MIDDLE EAST/AFRICA
|FV9CountryByRegion|Namibia||MIDDLE EAST/AFRICA
|FV9CountryByRegion|Niger||MIDDLE EAST/AFRICA
|FV9CountryByRegion|Nigeria||MIDDLE EAST/AFRICA
|FV9CountryByRegion|Oman||MIDDLE EAST/AFRICA
|FV9CountryByRegion|Qatar||MIDDLE EAST/AFRICA
|FV9CountryByRegion|Reunion Islands||MIDDLE EAST/AFRICA
|FV9CountryByRegion|Rwanda||MIDDLE EAST/AFRICA
|FV9CountryByRegion|Saudi Arabia||MIDDLE EAST/AFRICA
|FV9CountryByRegion|Senegal||MIDDLE EAST/AFRICA
|FV9CountryByRegion|Seychelles||MIDDLE EAST/AFRICA
|FV9CountryByRegion|Sierra Leone||MIDDLE EAST/AFRICA
|FV9CountryByRegion|Somalia||MIDDLE EAST/AFRICA
|FV9CountryByRegion|South Africa||MIDDLE EAST/AFRICA
|FV9CountryByRegion|St. Helena & Ascension||MIDDLE EAST/AFRICA
|FV9CountryByRegion|St. Tome Island & Principe||MIDDLE EAST/AFRICA
|FV9CountryByRegion|Sudan||MIDDLE EAST/AFRICA
|FV9CountryByRegion|Swaziland||MIDDLE EAST/AFRICA
|FV9CountryByRegion|Syria||MIDDLE EAST/AFRICA
|FV9CountryByRegion|Tanzania||MIDDLE EAST/AFRICA
|FV9CountryByRegion|Togo||MIDDLE EAST/AFRICA
|FV9CountryByRegion|Tunisia||MIDDLE EAST/AFRICA
|FV9CountryByRegion|Turkey||MIDDLE EAST/AFRICA
|FV9CountryByRegion|Uganda||MIDDLE EAST/AFRICA
|FV9CountryByRegion|United Arab Emirates||MIDDLE EAST/AFRICA
|FV9CountryByRegion|Western Sahara||MIDDLE EAST/AFRICA
|FV9CountryByRegion|Yemen||MIDDLE EAST/AFRICA
|FV9CountryByRegion|Zambia||MIDDLE EAST/AFRICA
|FV9CountryByRegion|Zimbabwe||MIDDLE EAST/AFRICA
|FV9CountryByRegion|Afghanistan||ASIA/OCEANIA
|FV9CountryByRegion|ASEAN||ASIA/OCEANIA
|FV9CountryByRegion|Australia||ASIA/OCEANIA
|FV9CountryByRegion|Bangladesh||ASIA/OCEANIA
|FV9CountryByRegion|Bhutan||ASIA/OCEANIA
|FV9CountryByRegion|British Indian Ocean Terr||ASIA/OCEANIA
|FV9CountryByRegion|Brunei||ASIA/OCEANIA
|FV9CountryByRegion|China [Peoples Republic]||ASIA/OCEANIA
|FV9CountryByRegion|Cook Islands||ASIA/OCEANIA
|FV9CountryByRegion|East Timor||ASIA/OCEANIA
|FV9CountryByRegion|Federated States of Micronesia||ASIA/OCEANIA
|FV9CountryByRegion|Fiji||ASIA/OCEANIA
|FV9CountryByRegion|French Polynesia & Tahiti||ASIA/OCEANIA
|FV9CountryByRegion|Guam||ASIA/OCEANIA
|FV9CountryByRegion|Hong Kong (China)||ASIA/OCEANIA
|FV9CountryByRegion|India||ASIA/OCEANIA
|FV9CountryByRegion|Indonesia||ASIA/OCEANIA
|FV9CountryByRegion|Japan||ASIA/OCEANIA
|FV9CountryByRegion|Kampuchea [Cambodia]||ASIA/OCEANIA
|FV9CountryByRegion|Kazakhstan||ASIA/OCEANIA
|FV9CountryByRegion|Kiribati||ASIA/OCEANIA
|FV9CountryByRegion|Korea, North (Democratic Peoples Republic)||ASIA/OCEANIA
|FV9CountryByRegion|Korea, South (Republic)||ASIA/OCEANIA
|FV9CountryByRegion|Kyrgyzstan||ASIA/OCEANIA
|FV9CountryByRegion|Laos||ASIA/OCEANIA
|FV9CountryByRegion|Macau (China)||ASIA/OCEANIA
|FV9CountryByRegion|Malaysia||ASIA/OCEANIA
|FV9CountryByRegion|Maldives||ASIA/OCEANIA
|FV9CountryByRegion|Marshall Islands||ASIA/OCEANIA
|FV9CountryByRegion|Mongolia||ASIA/OCEANIA
|FV9CountryByRegion|Myanmar [Burma]||ASIA/OCEANIA
|FV9CountryByRegion|Nauru||ASIA/OCEANIA
|FV9CountryByRegion|Nepal||ASIA/OCEANIA
|FV9CountryByRegion|New Caledonia||ASIA/OCEANIA
|FV9CountryByRegion|New Zealand||ASIA/OCEANIA
|FV9CountryByRegion|Niue||ASIA/OCEANIA
|FV9CountryByRegion|Northern Mariana Islands (Incl. Saipan)||ASIA/OCEANIA
|FV9CountryByRegion|Pacific Island Trust Territory||ASIA/OCEANIA
|FV9CountryByRegion|Pakistan||ASIA/OCEANIA
|FV9CountryByRegion|Palau||ASIA/OCEANIA
|FV9CountryByRegion|Papua New Guinea||ASIA/OCEANIA
|FV9CountryByRegion|Philippines||ASIA/OCEANIA
|FV9CountryByRegion|Pitcairn Islands||ASIA/OCEANIA
|FV9CountryByRegion|Samoa [U.S.]||ASIA/OCEANIA
|FV9CountryByRegion|Samoa [west]||ASIA/OCEANIA
|FV9CountryByRegion|Singapore||ASIA/OCEANIA
|FV9CountryByRegion|Solomon Islands||ASIA/OCEANIA
|FV9CountryByRegion|Sri Lanka||ASIA/OCEANIA
|FV9CountryByRegion|Taiwan (Chinese Taipei)||ASIA/OCEANIA
|FV9CountryByRegion|Tajikistan||ASIA/OCEANIA
|FV9CountryByRegion|Thailand||ASIA/OCEANIA
|FV9CountryByRegion|Tonga||ASIA/OCEANIA
|FV9CountryByRegion|Turkmenistan||ASIA/OCEANIA
|FV9CountryByRegion|Tuvalu||ASIA/OCEANIA
|FV9CountryByRegion|Uzbekistan||ASIA/OCEANIA
|FV9CountryByRegion|Vanuatu||ASIA/OCEANIA
|FV9CountryByRegion|Vietnam||ASIA/OCEANIA
|FV9CountryByRegion|Wallis & Futuna Islands||ASIA/OCEANIA
|FV9CountryByRegion|Anguilla||CENTRAL AMERICA/CARIBBEAN
|FV9CountryByRegion|Antigua||CENTRAL AMERICA/CARIBBEAN
|FV9CountryByRegion|Aruba||CENTRAL AMERICA/CARIBBEAN
|FV9CountryByRegion|Bahamas||CENTRAL AMERICA/CARIBBEAN
|FV9CountryByRegion|Barbados||CENTRAL AMERICA/CARIBBEAN
|FV9CountryByRegion|Belize||CENTRAL AMERICA/CARIBBEAN
|FV9CountryByRegion|Bermuda||CENTRAL AMERICA/CARIBBEAN
|FV9CountryByRegion|Cayman Islands||CENTRAL AMERICA/CARIBBEAN
|FV9CountryByRegion|Costa Rica||CENTRAL AMERICA/CARIBBEAN
|FV9CountryByRegion|Cuba||CENTRAL AMERICA/CARIBBEAN
|FV9CountryByRegion|Dominica||CENTRAL AMERICA/CARIBBEAN
|FV9CountryByRegion|Dominican Republic||CENTRAL AMERICA/CARIBBEAN
|FV9CountryByRegion|El Salvador||CENTRAL AMERICA/CARIBBEAN
|FV9CountryByRegion|Grenada||CENTRAL AMERICA/CARIBBEAN
|FV9CountryByRegion|Guadeloupe||CENTRAL AMERICA/CARIBBEAN
|FV9CountryByRegion|Guatemala||CENTRAL AMERICA/CARIBBEAN
|FV9CountryByRegion|Haiti||CENTRAL AMERICA/CARIBBEAN
|FV9CountryByRegion|Honduras||CENTRAL AMERICA/CARIBBEAN
|FV9CountryByRegion|Jamaica||CENTRAL AMERICA/CARIBBEAN
|FV9CountryByRegion|Martinique [French West Indies]||CENTRAL AMERICA/CARIBBEAN
|FV9CountryByRegion|Montserrat||CENTRAL AMERICA/CARIBBEAN
|FV9CountryByRegion|Netherlands Antilles||CENTRAL AMERICA/CARIBBEAN
|FV9CountryByRegion|Nicaragua||CENTRAL AMERICA/CARIBBEAN
|FV9CountryByRegion|Panama||CENTRAL AMERICA/CARIBBEAN
|FV9CountryByRegion|Puerto Rico||CENTRAL AMERICA/CARIBBEAN
|FV9CountryByRegion|St. Kitts & Nevis & Anquilla||CENTRAL AMERICA/CARIBBEAN
|FV9CountryByRegion|St. Lucia||CENTRAL AMERICA/CARIBBEAN
|FV9CountryByRegion|St. Pierre & Miquelon||CENTRAL AMERICA/CARIBBEAN
|FV9CountryByRegion|St. Vincent||CENTRAL AMERICA/CARIBBEAN
|FV9CountryByRegion|Trinidad & Tobago||CENTRAL AMERICA/CARIBBEAN
|FV9CountryByRegion|Turks & Caicos Islands||CENTRAL AMERICA/CARIBBEAN
|FV9CountryByRegion|Virgin Islands [British]||CENTRAL AMERICA/CARIBBEAN
|FV9CountryByRegion|Virgin Islands [U.S.]||CENTRAL AMERICA/CARIBBEAN
|FV9CountryByRegion|Albania||EUROPE
|FV9CountryByRegion|Alderney||EUROPE
|FV9CountryByRegion|Andorra||EUROPE
|FV9CountryByRegion|Armenia||EUROPE
|FV9CountryByRegion|Austria||EUROPE
|FV9CountryByRegion|Azerbaijan||EUROPE
|FV9CountryByRegion|Belarus||EUROPE
|FV9CountryByRegion|Belgium||EUROPE
|FV9CountryByRegion|Bosnia and Herzegovina||EUROPE
|FV9CountryByRegion|Bulgaria||EUROPE
|FV9CountryByRegion|Croatia||EUROPE
|FV9CountryByRegion|Cyprus||EUROPE
|FV9CountryByRegion|Czech Republic||EUROPE
|FV9CountryByRegion|Denmark||EUROPE
|FV9CountryByRegion|Estonia||EUROPE
|FV9CountryByRegion|Faroe Islands||EUROPE
|FV9CountryByRegion|Finland||EUROPE
|FV9CountryByRegion|France||EUROPE
|FV9CountryByRegion|French Southern & Antarctic Territories||EUROPE
|FV9CountryByRegion|Georgia||EUROPE
|FV9CountryByRegion|Germany||EUROPE
|FV9CountryByRegion|Gibraltar||EUROPE
|FV9CountryByRegion|Great Britain||EUROPE
|FV9CountryByRegion|Greece||EUROPE
|FV9CountryByRegion|Greenland||EUROPE
|FV9CountryByRegion|Guernsey||EUROPE
|FV9CountryByRegion|Holy See (Vatican City State)||EUROPE
|FV9CountryByRegion|Hungary||EUROPE
|FV9CountryByRegion|Iceland||EUROPE
|FV9CountryByRegion|Ireland||EUROPE
|FV9CountryByRegion|Isle Of Man||EUROPE
|FV9CountryByRegion|Italy||EUROPE
|FV9CountryByRegion|Jersey||EUROPE
|FV9CountryByRegion|Latvia||EUROPE
|FV9CountryByRegion|Liechtenstein||EUROPE
|FV9CountryByRegion|Lithuania||EUROPE
|FV9CountryByRegion|Luxembourg||EUROPE
|FV9CountryByRegion|Macedonia [FYROM]||EUROPE
|FV9CountryByRegion|Malta||EUROPE
|FV9CountryByRegion|Moldova||EUROPE
|FV9CountryByRegion|Monaco||EUROPE
|FV9CountryByRegion|Montenegro||EUROPE
|FV9CountryByRegion|Netherlands||EUROPE
|FV9CountryByRegion|Northern Ireland||EUROPE
|FV9CountryByRegion|Norway||EUROPE
|FV9CountryByRegion|Poland||EUROPE
|FV9CountryByRegion|Portugal & Azores||EUROPE
|FV9CountryByRegion|Romania||EUROPE
|FV9CountryByRegion|Russian Federation||EUROPE
|FV9CountryByRegion|San Marino||EUROPE
|FV9CountryByRegion|Serbia||EUROPE
|FV9CountryByRegion|Serbia & Montenegro||EUROPE
|FV9CountryByRegion|Slovakia||EUROPE
|FV9CountryByRegion|Slovenia||EUROPE
|FV9CountryByRegion|Spain||EUROPE
|FV9CountryByRegion|Svalbard & Jan Mayen Islands||EUROPE
|FV9CountryByRegion|Sweden||EUROPE
|FV9CountryByRegion|Switzerland||EUROPE
|FV9CountryByRegion|Ukraine||EUROPE
|FV9CountryByRegion|Canada||NORTH AMERICA
|FV9CountryByRegion|Mexico||NORTH AMERICA
|FV9CountryByRegion|United States||NORTH AMERICA
|FV9CountryByRegion|United States (California)||NORTH AMERICA
|FV9CountryByRegion|Argentina||SOUTH AMERICA
|FV9CountryByRegion|Bolivia||SOUTH AMERICA
|FV9CountryByRegion|Brazil||SOUTH AMERICA
|FV9CountryByRegion|Chile||SOUTH AMERICA
|FV9CountryByRegion|Colombia||SOUTH AMERICA
|FV9CountryByRegion|Ecuador||SOUTH AMERICA
|FV9CountryByRegion|Falkland Islands||SOUTH AMERICA
|FV9CountryByRegion|French Guiana||SOUTH AMERICA
|FV9CountryByRegion|Guyana||SOUTH AMERICA
|FV9CountryByRegion|Mercosur||SOUTH AMERICA
|FV9CountryByRegion|Paraguay||SOUTH AMERICA
|FV9CountryByRegion|Peru||SOUTH AMERICA
|FV9CountryByRegion|Suriname||SOUTH AMERICA
|FV9CountryByRegion|Uruguay||SOUTH AMERICA
|FV9CountryByRegion|Venezuela||SOUTH AMERICA
|FV9DiagramType|Boundary Diagram||
|FV9DiagramType|Context Diagram||
|FV9DiagramType|Parameter Diagram||
|FV9DiagramType|Sequence Diagram||
|FV9DiagramType|System Design Diagram||
|FV9DiagramType|Other||
|FV9Class|Design Preference||
|FV9Class|Mandatory||
|FV9Class|Minimum Acceptable Performance||
|FV9ReqStatus|Approved||
|FV9ReqStatus|Created||
|FV9ReqStatus|Reviewed||
|FV9ReqType|Design Requirement||
|FV9ReqType|Hardware Requirement||
|FV9ReqType|Ideal Function||
|FV9ReqType|Interface Requirement||
|FV9ReqType|Signal Requirement||
|FV9ReqType|Software Requirement||
|FV9ReqType|System Requirement||
|FV9ReqType|Test Procedure||
|FV9ReqType|Test Result||
|FV9ReqType|Use Case||
|FV9AppilesTo|All Subsystems||
|FV9Arch|CGEA 1.1||
|FV9Arch|CGEA 1.3||
|FV9CBGTarget|APA||
|FV9CBGTarget|FNA||
|FV9CBGTarget|FoE||
|FV9CBGTarget|FoSA||
|FV9CBGTarget|Generic||
|FV9RelNoiseFactors|Ambient Temperature||
|FV9RelNoiseFactors|Customer Driving Behavior||
|FV9RelNoiseFactors|Road Conditions||
|FV9SpecMarkets|Africa & Asia Pacific||
|FV9SpecMarkets|Australia||
|FV9SpecMarkets|Commercial Vehicle||
|FV9SpecMarkets|Consumer Vehicle||
|FV9SpecMarkets|Europe||
|FV9SpecMarkets|North America||
|FV9SpecMarkets|South America||
|FV9VehConf|CGEA 1.1||
|FV9VehConf|CGEA 1.3||

