|Picklist Type|Picklist Value|Description|Region Country
|FV9ReqIFCustomerStatus|NotToEvaluate||
|FV9ReqIFCustomerStatus|ToEvaluate||
|FV9ReqIFCustomerStatus|Accepted||
|FV9ReqIFCustomerStatus|NotAccepted||
|FV9ReqIFCustomerStatus|ToBeClarified||
|FV9ReqIFCustomerStatus|ProposedToDiscard||
|FV9ReqIFCustomerStatus|Discarded||
|FV9ReqIFSupplierStatus|Agreed||
|FV9ReqIFSupplierStatus|NotAgreed||
|FV9ReqIFSupplierStatus|ToBeClarified||
|FV9ReqIFSupplierStatus|AgreedWithComment||
|FV9ReqIFSupplierStatus|DiscardDeployed||