|Picklist Type|Picklist Value|Description|Region Country
|FV9SafetyRelevant|NA||
|FV9SafetyRelevant|Yes||
|FV9SafetyRelevant|No||
|FV9Fid|ALERT||
|FV9Fid|AMFM||
|FV9Fid|APA||
|FV9Fid|APAM||
|FV9Fid|ATLWIZ||
|FV9Fid|AUDSET||
|FV9Fid|AUMGNT||
|FV9Fid|AUXA||
|FV9Fid|BTP||
|FV9Fid|BUTTON||
|FV9Fid|CC||
|FV9Fid|CCD||
|FV9Fid|CMC||
|FV9Fid|COMPS||
|FV9Fid|DAB||
|FV9Fid|DIAG||
|FV9Fid|DRIVE-RES||
|FV9Fid|E911||
|FV9Fid|EH||
|FV9Fid|ERRMGNT||
|FV9Fid|FVC||
|FV9Fid|IPOD||
|FV9Fid|LBP||
|FV9Fid|MCI||
|FV9Fid|MCS||
|FV9Fid|MC||
|FV9Fid|MK||
|FV9Fid|MMCAN||
|FV9Fid|MP||
|FV9Fid|NAVREPEAT||
|FV9Fid|OFBRP||
|FV9Fid|ONBCS||
|FV9Fid|ONBRP||
|FV9Fid|PARK||
|FV9Fid|PDC||
|FV9Fid|PERS||
|FV9Fid|PWRMAN||
|FV9Fid|RAC||
|FV9Fid|RADMIN||
|FV9Fid|RA||
|FV9Fid|RCD||
|FV9Fid|RVC||
|FV9Fid|SAPP||
|FV9Fid|SCD||
|FV9Fid|SDARS||
|FV9Fid|SDS||
|FV9Fid|STMGNT||
|FV9Fid|TBA||
|FV9Fid|TMC||
|FV9Fid|TP||
|FV9Fid|TSR||
|FV9Fid|USB||
|FV9Fid|VOL||
|FV9Fid|VR||
|FV9Fid|VS||

