AcSel||User's debounced A/C function selection (hard, soft, voice)||Discrete||HW Input||Volatile||FALSE||Scalar||||||||||||||||||||FALSE||none||No||Boolean||FALSE,TRUE||0,1||Value set is FALSE, Value set is TRUE||SAL-CKT||Multi Button(AppMb)||||||||0||||||||||
AirDistrDrCmd||Target Air Distribution Mode door position (% travel).||Numeric||ECU Internal||Volatile||0||Scalar||Percent||0.1||||||||||||0||100||TRUE||none||N/A||NT.Percent||||||||Airflow Mode Control(AppAmc)||Blower Control(AppBc), Discharge Set Temperature(AppDst)||||||0.00390625||0||||||||||
AppAmc_POS_PAN||Panel Position||Numeric||ECU Internal||Non-Volatile -- Factory Set Method 3||99.18||Scalar||Percent||0.01||0.01||||||||||0||100||FALSE||none||N/A||NT.Position||||||||Software Download||Airflow Mode Control(AppAmc)||||||0.00390625||0||CCSE||||||||
AppAmc_POS_FL_PN||Panel/Floor 2 Position||Numeric||ECU Internal||Non-Volatile -- Factory Set Method 3||76.79||Scalar||Percent||0.01||||||||||||0||100||FALSE||none||N/A||NT.Position||||||||Software Download||Airflow Mode Control(AppAmc)||||||0.00390625||0||CCSE||||||||
NvmWsFromMxDef||Data stored in NVM so current state of Hmi can be recalled after initialization and remote start events.||Discrete||ECU Internal||Non-Volatile -- Functional Requirement||FALSE||Scalar||||||||||||||||||||FALSE||none||No||Boolean||FALSE,TRUE||0,1||Value set is FALSE, Value set is TRUE||||SAL-MEM||State Matrix Dual Zone(AppHmiDZ)||||||0||||||||||
Lcl_MyTeIsReleasedRq||Local signal for temperature released status.||Discrete||ECU Internal||Volatile||FALSE||Scalar||||||||||||||||||||FALSE||||||Boolean||FALSE,TRUE||0,1||Value set is FALSE, Value set is TRUE||||||||State Matrix Dual Zone(AppHmiDZ)||||0||||||||||
AppDst_yPControlTaFl||P-Control Floor||Numeric||ECU Internal||Non-Volatile -- Factory Set Method 3||[ 3.00,1.00,0, 3.50, 7.00;3.00,1.00,0,3.50,4.00;3.00,1.00, 0,1.00,1.00]||2D Lookup||DegC||0.00390625||||3||5||AppDst_xPControlTa(5),AppDst_xPControlTa(25),AppDst_xPControlTa(35)||AppDst_xPControl(-20),AppDst_xPControl(-3),AppDst_xPControl(0),AppDst_xPControl(5),AppDst_xPControl(40)||-128||127.9960938||FALSE||none||||NT.Temperature||||||||Software Download||Discharge Set Temperature(AppDst)||||||0.00390625||0||CCSE||||||||
AppAmc_xWS_Tduct||Delta DischSet Disch. Floor starts opening at 25degC and is 100% open at 40degC||Numeric||ECU Internal||Non-Volatile -- Factory Set Method 3|| [-40 15 25 -40]||1D array||DegC||0.01||||1||4||||||-128||127.9960938||FALSE||none||N/A||NT.Temperature||||||||Software Download||Airflow Mode Control(AppAmc)||||||0.00390625||1||CCSE||||||||
AppBc_yBlowerBaseMode||Parameter which represents blower voltage based on air distribution mode door positions used for look up table.||Numeric||ECU Internal||Non-Volatile -- Factory Set Method 3||[4.5    4.5   4.5   4.25   4.0]||1D Lookup||Unitless||0.00390625||||1||5||||AppBc_xModeDoor(26.72),AppBc_xModeDoor(39.59),AppBc_xModeDoor(52.95),AppBc_xModeDoor(76.79),AppBc_xModeDoor(99.18)||0||14||FALSE||none||N/A||NT.Volts||||||||Software Download||Blower Control Dual Zone(AppBcDZ)||||||0.00390625||0||CCSE||||||||
AppHmi_kMaxRecircTimeout_Ac_Off||Table with maximum time for recirc timeout with Ac Off.  Value listed is a 0.25 minute multiplier (i.e. 20 = 5 min etc.)||Numeric||ECU Internal||Non-Volatile -- Factory Set Method 3||[40 40 40;40 40 40;20 20 20;20 20 20;20 20 20;20 20 20;20 20 20;20 20 20;20 20 20]||2D array||Unitless||1||||3||9||||||0||255||FALSE||N/A||N/A||Unsigned 8-bit||||||||Software Download||State Matrix Dual Zone(AppHmiDZ),State Matrix Single Zone(AppHmiSZ)||||||1||0||CCSE||||||||
