Airflow Mode Control(AppAmc)||Feature Process||Airflow Mode Control||100ms
Blend Door Control(AppBdc)||Feature Process||Blend Door Control||100ms
Blower Control(AppBc)||Feature Process||Blower Control||100ms
Calculated Airflow(AppCaf)||Feature Process||Calculated Airflow||100ms
Compressor Control(AppCc)||Feature Process||Compressor Control||100ms
Conditioned Seats(AppCs)||Feature Process||Conditioned Seats||10ms
Discharge Set Temperature(AppDst)||Feature Process||Discharge Set Temperature||100ms
Engine Coolant Temperature(AppEct)||Feature Process||Engine Coolant Temperature||100ms
Engine Start/Stop(AppEss)||Feature Process||Engine Start/Stop||100ms
Fog Probability Calculation(AppFpc)||Feature Process||Fog Probability Calculation||100ms
Heated Backlight(AppHbl)||Feature Process||Heated Backlight||10ms
Heated Windshield(AppHws)||Feature Process||Heated Windshield||10ms
OAT(AppOat)||Feature Process||OAT||100ms
PTC_HWS(AppPtWs)||Feature Process||PTC_HWS||100ms
Recirc Door Control(AppRdc)||Feature Process||Recirc Door Control||100ms
SAL-CAN||Feature Process||SAL||
SAL-CKT||Feature Process||SAL||
Signal Calibration Dual Zone(AppScDZ)||Feature Process||Signal Calibration||100ms
Signal Calibration(AppSc)||Feature Process||Signal Calibration||100ms
Software Download||Feature Process||Calibration||
State Matrix Dual Zone(AppHmiDZ)||Feature Process||State Matrix||10ms
State Matrix Single Zone(AppHmiSZ)||Feature Process||State Matrix||10ms
