|Picklist Type|Picklist Value|Description|fv9Prefix
|FV9ParagraphType|Class Description||CLD
|FV9ParagraphType|Element Description||ELE
|FV9ParagraphType|Pre-Condition||PRE
|FV9ParagraphType|Post-Condition||PST
|FV9ParagraphType|Scenario||SCN
|FV9ParagraphType|Structure Paragraph||STR
|FV9ParagraphType|Trigger||TRG
|FV9ParagraphType|Interface||INT
|FV9DiagramType|Boundary Diagram||BD
|FV9DiagramType|Context Diagram||CD
|FV9DiagramType|Parameter Diagram||PD
|FV9DiagramType|Sequence Diagram||SD
|FV9DiagramType|System Design Diagram||SDD
|FV9DiagramType|Activity Diagram||ACT
|FV9DiagramType|Architecture Diagram||ARC
|FV9DiagramType|Deployment Diagram||DEP
|FV9DiagramType|State Diagram||SD
|FV9DiagramType|State View||SV
|FV9ReqType|Design Requirement||DR
|FV9ReqType|Hardware Requirement||HR
|FV9ReqType|Ideal Function||IF
|FV9ReqType|Interface Requirement||IR
|FV9ReqType|Signal Requirement||SR
|FV9ReqType|Software Requirement||SWR
|FV9ReqType|System Requirement||SYS
|FV9ReqType|Test Procedure||TP
|FV9ReqType|Test Result||TR
|FV9ReqType|Timing Requirement||TMR
|FV9ReqType|TP-Logical Requirement||TPL
|FV9ReqType|TP-Physical Requirement||TPP
|FV9Fid|ALERT||
|FV9Fid|AMFM||
|FV9Fid|APA||
|FV9Fid|APAM||
|FV9Fid|ATLWIZ||
|FV9Fid|AUDSET||
|FV9Fid|AUMGNT||
|FV9Fid|AUXA||
|FV9Fid|BTP||
|FV9Fid|BUTTON||
|FV9Fid|CC||
|FV9Fid|CCD||
|FV9Fid|CMC||
|FV9Fid|COMPS||
|FV9Fid|DAB||
|FV9Fid|DIAG||
|FV9Fid|DRIVE-RES||
|FV9Fid|E911||
|FV9Fid|EH||
|FV9Fid|ERRMGNT||
|FV9Fid|FVC||
|FV9Fid|IPOD||
|FV9Fid|LBP||
|FV9Fid|MCI||
|FV9Fid|MCS||
|FV9Fid|MC||
|FV9Fid|MK||
|FV9Fid|MMCAN||
|FV9Fid|MP||
|FV9Fid|NAVREPEAT||
|FV9Fid|OFBRP||
|FV9Fid|ONBCS||
|FV9Fid|ONBRP||
|FV9Fid|PARK||
|FV9Fid|PDC||
|FV9Fid|PERS||
|FV9Fid|PWRMAN||
|FV9Fid|RAC||
|FV9Fid|RADMIN||
|FV9Fid|RA||
|FV9Fid|RCD||
|FV9Fid|RVC||
|FV9Fid|SAPP||
|FV9Fid|SCD||
|FV9Fid|SDARS||
|FV9Fid|SDS||
|FV9Fid|STMGNT||
|FV9Fid|TBA||
|FV9Fid|TMC||
|FV9Fid|TP||
|FV9Fid|TSR||
|FV9Fid|USB||
|FV9Fid|VOL||
|FV9Fid|VR||
|FV9Fid|VS||
