Picklist Type,Picklist Value,fv9CPSC_AuthGroupOwner
FV9CPSC_Code,011701:Convertible Top Assembly,kkrishna
FV9CPSC_Code,011703:Sunroof Assembly,kkrishna
FV9CPSC_Code,011708:Removable Hardtop,kkrishna
FV9CPSC_Code,011709:Retractable Hardtop,kkrishna
FV9CPSC_Code,010901:Interior Mirror,npatel1
FV9CPSC_Code,010902:Exterior Mirrors,npatel1
FV9CPSC_Code,011600:Wipers And Washers Subsystem,krettman
FV9CPSC_Code,011601:Wiper Assembly Front,krettman
FV9CPSC_Code,011603:Windscreen & Tailgate Washer System,krettman
FV9CPSC_Code,011604:Headlamp Cleaning System,krettman
FV9CPSC_Code,011608:Wiper Assembly Rear,krettman
FV9CPSC_Code,012801:Module - Wiper and Cowl,krettman
FV9CPSC_Code,170000:Lighting System,aekladyo
FV9CPSC_Code,170100:Front Lighting Subsystem,aekladyo
FV9CPSC_Code,170104:Supplemental Front Lamps,aekladyo
FV9CPSC_Code,170105:Side Repeater / Marker Lamps,aekladyo
FV9CPSC_Code,170300:Rear Lighting Subsystem,aekladyo
FV9CPSC_Code,170301:Rear Combination Lamp,aekladyo
FV9CPSC_Code,170304:Supplemental Rear Lamps,aekladyo
FV9CPSC_Code,170308:License Plate Lamp,aekladyo
FV9CPSC_Code,170309:CHMSL (Center High Mount Stop Light),aekladyo
FV9CPSC_Code,170310:Supplemental Illumination,aekladyo
FV9CPSC_Code,012701:Module - Cockpit complete,jwebb4
FV9CPSC_Code,012702:Module - Instrument Panel Complete,jwebb4
FV9CPSC_Code,012703:Module - Center Stack Complete,jwebb4
FV9CPSC_Code,013401:Module - Front Floor console,jwebb4
FV9CPSC_Code,110404:Column Cowl,jwebb4
FV9CPSC_Code,120102:Air Distribution Duct Components,jwebb4
FV9CPSC_Code,012901:Module - Overhead Complete,rarmitag
FV9CPSC_Code,012902:Module - Overhead Console,rarmitag
FV9CPSC_Code,013101:Module - Package Tray,rarmitag
FV9CPSC_Code,170200:Interior Lighting Subsystem,mlovejoy
FV9CPSC_Code,170202:Lighting - Interior,mlovejoy
FV9CPSC_Code,170207:Lighting - Instrument Panel (IP) & Consoles,mlovejoy
FV9CPSC_Code,170208:Lighting - Ambient,mlovejoy
FV9CPSC_Code,012003:Passenger Airbag / Cover Unit,hdietsch
FV9CPSC_Code,012010:Front Side Air Bag,mkoelsch
FV9CPSC_Code,012011:Rear Side Air Bag,mkoelsch
FV9CPSC_Code,012012:Curtain Airbag System,mkoelsch
FV9CPSC_Code,110601:Steering Wheel,jchascsa
FV9CPSC_Code,110603:Driver Airbag and Cover,jchascsa
FV9CPSC_Code,012000:Occupant Restraining Device Subsystem,edesmet
FV9CPSC_Code,012018:Occupant Classification Sensors and Seat Belt Reminders,edesmet
FV9CPSC_Code,012004:Deployable Pedestrian Protection System,nevans40
FV9CPSC_Code,001304:ACCU - Seating Comfort,jline
FV9CPSC_Code,011000:Seating Subsystem,jline
FV9CPSC_Code,011018:Module - Seats Vehicle Set,jline
FV9CPSC_Code,011019:Module - Front Seat,jline
FV9CPSC_Code,011020:Module - Second Seat,jline
FV9CPSC_Code,011021:Module - Seat Additional,jline
FV9CPSC_Code,120000:Climate Control System,dwong1
FV9CPSC_Code,120100:Air Handling/Body Ventilation Subsystem,dwong1
FV9CPSC_Code,120104:HVAC Main Unit,dwong1
FV9CPSC_Code,120105:HVAC Auxiliary Unit,dwong1
FV9CPSC_Code,120200:Heating/Defrosting Subsystem,dwong1
FV9CPSC_Code,120207:Supplementary Heat Source,dwong1
FV9CPSC_Code,120300:Refrigeration/Air Conditioning Subsystem,dwong1
FV9CPSC_Code,120301:AC Compressor,dwong1
FV9CPSC_Code,120302:Condenser,dwong1
FV9CPSC_Code,120405:Climate Sensors,dwong1
FV9CPSC_Code,060000:Brake System,cevans77
FV9CPSC_Code,060300:Front Foundation Brakes Subsystem,cevans77
FV9CPSC_Code,060501:Parking Brake Controls,cevans77
FV9CPSC_Code,060600:Brake Actuation Subsystem,cevans77
FV9CPSC_Code,061000:Auxiliary Brake Subsystem,cevans77
FV9CPSC_Code,061004:Regenerative Brake,cevans77
FV9CPSC_Code,060504:Parking Brake Electronics,khessele
FV9CPSC_Code,060900:Brake Controls Subsystem,jjoyce1
FV9CPSC_Code,060901:Brake Controls,jjoyce1
FV9CPSC_Code,060602:Pedals,blenzen
FV9CPSC_Code,110000:Steering System,tofferle
FV9CPSC_Code,110200:Power Steering Subsystem,tofferle
FV9CPSC_Code,110400:Steering Column Subsystem,tofferle
FV9CPSC_Code,110604:Active Steering Wheel (ASTW),tofferle
FV9CPSC_Code,100000:Fuel System,msoltis
FV9CPSC_Code,090500:Exhaust Modules,jsloss
FV9CPSC_Code,090501:Module - Exhaust Hot & Cold End Assy,jsloss
FV9CPSC_Code,032101:Module - Power Unit Complete,mscheuer
FV9CPSC_Code,031401:Powertrain and Auxiliary Control Modules,kpascany
FV9CPSC_Code,031402:Powertrain Control Modules: Mounting Hardware,kpascany
FV9CPSC_Code,031403:Powertrain Control: Sensors and Actuators,kpascany
FV9CPSC_Code,031600:Electronic Throttle Control Subsystem (ELTHRCON),kpascany
FV9CPSC_Code,031601:Electronic Throttle Control Strategy,kpascany
FV9CPSC_Code,191000:Multiple Function Electronic Control Subsystem,jbond4
FV9CPSC_Code,191001:Body Control Module,jbond4
FV9CPSC_Code,010905:Mirror Electronic Controls,pseashor
FV9CPSC_Code,011009:Power Seat ECU and Software,pseashor
FV9CPSC_Code,011013:Seat Comfort Control Module,pseashor
FV9CPSC_Code,011109:Power Window Electronics,pseashor
FV9CPSC_Code,011414:Power Liftgate / Trunk Module and Electronics,pseashor
FV9CPSC_Code,011415:Sliding Door Module and Electronics,pseashor
FV9CPSC_Code,011609:Heated Washer Fluid Module,pseashor
FV9CPSC_Code,130600:Horn Subsystem,pseashor
FV9CPSC_Code,130601:Traffic Horns (Electric),pseashor
FV9CPSC_Code,180402:AC Inverter,pseashor
FV9CPSC_Code,190103:Alarm Horns and Sirens,pseashor
FV9CPSC_Code,131300:Parking or Reversing Aid Subsystem,rdaniel6
FV9CPSC_Code,131301:Park Assistance Module,rdaniel6
FV9CPSC_Code,131302:Park Assistance Sensors,rdaniel6
FV9CPSC_Code,131305:Park Assistance Camera,rdaniel6
FV9CPSC_Code,170101:Headlamp Cluster,rdaniel6
FV9CPSC_Code,170400:Lighting - Special Mechanisms Subsystem,rdaniel6
FV9CPSC_Code,170407:Rain Sensor/Daylight Sensor,rdaniel6
FV9CPSC_Code,170408:Headlamp Control Module,rdaniel6
FV9CPSC_Code,190400:Side & Rear Vision Subsystem,rdaniel6
FV9CPSC_Code,190401:Side and Rear Vision,rdaniel6
FV9CPSC_Code,011411:Sliding Door Mechanism - Power or Manual,lboran2
FV9CPSC_Code,190100:Anti-Theft Warning Subsystem,lboran2
FV9CPSC_Code,190102:Alarm System Sensors,lboran2
FV9CPSC_Code,190200:Remote Convenience Subsystem,lboran2
FV9CPSC_Code,190201:Radio Frequency Key,lboran2
FV9CPSC_Code,190202:Radio Frequency Receiver / Transceiver,lboran2
FV9CPSC_Code,191200:Keyless Vehicle Subsystem,lboran2
FV9CPSC_Code,191201:Keyless Vehicle,lboran2
FV9CPSC_Code,040506:Suspension Electronics,rdaniel6
FV9CPSC_Code,060607:Brake Electronics,rdaniel6
FV9CPSC_Code,110206:Power Steering Electronic Controls,rdaniel6
FV9CPSC_Code,040404:Tire Pressure Warning & Adjust,rdaniel6
FV9CPSC_Code,110508:Steering Column Control Module and Sensors,rdaniel6
FV9CPSC_Code,120400:Controls Subsystem,jgorial
FV9CPSC_Code,120402:Mechanical Control Head,jgorial
FV9CPSC_Code,120403:Electronic Climate Control Unit,jgorial
FV9CPSC_Code,120404:Climate Control Software,jgorial
FV9CPSC_Code,120406:Rear AC Control Module,jgorial
FV9CPSC_Code,130000:Information and Gauge and Warning Device System,jgorial
FV9CPSC_Code,130100:Instrument Cluster Subsystem,jgorial
FV9CPSC_Code,130101:Driver Information Module (Instrument Cluster),jgorial
FV9CPSC_Code,130700:Clock/Timekeeping Subsystem,jgorial
FV9CPSC_Code,130701:Clock (standalone),jgorial
FV9CPSC_Code,132100:Non-Automotive Driver Information Subsystem,jgorial
FV9CPSC_Code,132101:Non-Automotive Driver Information Subsystem - Assemblies,jgorial
FV9CPSC_Code,132102:Non-Automotive Driver Information Subsystem - Components,jgorial
FV9CPSC_Code,132400:Head-up Display Subsystem,jgorial
FV9CPSC_Code,132401:Head-Up Display Unit,jgorial
FV9CPSC_Code,150109:Electronic Finish Panel,jgorial
FV9CPSC_Code,191100:Electronic Compass Subsystem,jgorial
FV9CPSC_Code,191101:Compass (standalone),jgorial
FV9CPSC_Code,010523:Switches - Rear End Trim,mscheck1
FV9CPSC_Code,011016:Switches - Front Seat,mscheck1
FV9CPSC_Code,011017:Switches - Rear Seat,mscheck1
FV9CPSC_Code,011116:Switch Pack - Front Door,mscheck1
FV9CPSC_Code,011117:Switch Pack - Rear Door,mscheck1
FV9CPSC_Code,011207:Floor Console Switches,mscheck1
FV9CPSC_Code,011211:Rear Console Switches,mscheck1
FV9CPSC_Code,011220:Switch Pack - Instrument Panel,mscheck1
FV9CPSC_Code,011221:Switches - Overhead,mscheck1
FV9CPSC_Code,060803:Air Brake Stop Lamp Switch,mscheck1
FV9CPSC_Code,110500:Steering Column Switches Subsystem,mscheck1
FV9CPSC_Code,110501:Steering Column and Shroud Mounted - Switches and Clockspring,mscheck1
FV9CPSC_Code,110602:Steering Wheel Mounted Switches,mscheck1
FV9CPSC_Code,170500:Lighting Switches Subsystem,mscheck1
FV9CPSC_Code,170501:Master Lighting Switchpack,mscheck1
FV9CPSC_Code,180300:Electrical Distribution Switches Subsystem,mscheck1
FV9CPSC_Code,180304:Hidden Switches and Sensors,mscheck1
FV9CPSC_Code,191203:Exterior Switch Pack / Keypad,mscheck1
FV9CPSC_Code,000118:Info Attached To Electrical Distribution System,rreini
FV9CPSC_Code,030311:Engine Coolant Heating Element,rreini
FV9CPSC_Code,180000:Electrical Distribution and Electronic Control System,rreini
FV9CPSC_Code,180100:Electrical Wiring and Circuit Protection Subsystem,rreini
FV9CPSC_Code,180101:Front End and Engine Compartment Wiring,rreini
FV9CPSC_Code,180102:Instrument Panel Harness,rreini
FV9CPSC_Code,180103:Body And Rear End Wiring,rreini
FV9CPSC_Code,180104:Trailer Tow Wiring,rreini
FV9CPSC_Code,180106:Engine Bay Fuse Box / Passive,rreini
FV9CPSC_Code,180107:EDS Components & Fasteners,rreini
FV9CPSC_Code,180110:Battery Cables,rreini
FV9CPSC_Code,180111:Passenger Compartment Fuse Box / Passive,rreini
FV9CPSC_Code,180112:Load Compartment Fuse Box / Passive,rreini
FV9CPSC_Code,180113:Engine and Transmission Wiring,rreini
FV9CPSC_Code,180115:Seat Harnesses,rreini
FV9CPSC_Code,180205:Relays,rreini
FV9CPSC_Code,180400:Miscellaneous Electrical Devices Subsystem,rreini
FV9CPSC_Code,180401:Power Outlet & Lighter,rreini
FV9CPSC_Code,000600:Vehicle Electrical/Electronic Subsystem,rrivard1
FV9CPSC_Code,000601:Vehicle Communication Network Subsystems,rrivard1
FV9CPSC_Code,000602:Communication Network Software,rrivard1
FV9CPSC_Code,000603:Communication Network Hardware,rrivard1
FV9CPSC_Code,000604:OBD-II Interface,rrivard1
FV9CPSC_Code,000614:Electrical Energy Management,rrivard1
FV9CPSC_Code,000615:Vehicle Electronics Diagnostics,rrivard1
FV9CPSC_Code,000650:E/E System Power Distribution/Grounding,rrivard1
FV9CPSC_Code,002603:EP - Electrical Energy,rrivard1
FV9CPSC_Code,000651:Generic Shared Circuits/Signals,rrivard1
FV9CPSC_Code,002600:EP - Electrical Performance,rrivard1
FV9CPSC_Code,002601:EP - Electrical System Reliability,rrivard1
FV9CPSC_Code,002602:EP - Electrical Safety,rrivard1
FV9CPSC_Code,000625:Electromagnetic Compatibility (EMC),rrivard1
FV9CPSC_Code,000626:Entertainment System Suppression,rrivard1
FV9CPSC_Code,002700:EMC - Electro-Magnetic Compatibility,rrivard1
FV9CPSC_Code,002701:EMC - Emissions,rrivard1
FV9CPSC_Code,002702:EMC - Immunity,rrivard1
FV9CPSC_Code,002703:EMC - Electro-Static Discharge (ESD),rrivard1
FV9CPSC_Code,002704:EMC - Human Exposure to EMC Fields,rrivard1
FV9CPSC_Code,150000:In-Vehicle Entertainment System,dlebioda
FV9CPSC_Code,150100:Receiver and Audio Media Subsystem,dlebioda
FV9CPSC_Code,150101:Infotainment Head Unit,dlebioda
FV9CPSC_Code,150102:Center Stack Display,dlebioda
FV9CPSC_Code,150103:Power Amplifier,dlebioda
FV9CPSC_Code,150200:Antenna Subsystem,dlebioda
FV9CPSC_Code,150201:Infotainment Antennas and Cables,dlebioda
FV9CPSC_Code,150300:Speaker Subsystem,dlebioda
FV9CPSC_Code,150301:Speakers,dlebioda
FV9CPSC_Code,150500:Radio Noise Suppression Subsystem,dlebioda
FV9CPSC_Code,150501:Radio Frequency Interference (RFI) Suppression,dlebioda
FV9CPSC_Code,150700:Video Subsystem,dlebioda
FV9CPSC_Code,150701:Rear Seat Entertainment,dlebioda
FV9CPSC_Code,150702:Infotainment Remote Control and Headphones,dlebioda
FV9CPSC_Code,190500:Vehicle Emergency Message (VEMS) Subsystem,dlebioda
FV9CPSC_Code,190501:Vehicle Communication Module,dlebioda
FV9CPSC_Code,190600:Voice Control Subsystem,dlebioda
FV9CPSC_Code,190601:Voice Control Module,dlebioda
FV9CPSC_Code,190700:Vehicle Route Guidance/Navigation Subsystem,dlebioda
FV9CPSC_Code,190701:Navigation Module,dlebioda
FV9CPSC_Code,190702:Navigation Map Data,dlebioda
FV9CPSC_Code,190800:Cellular Phone Subsystem,dlebioda
FV9CPSC_Code,191300:Television Subsystem,dlebioda
FV9CPSC_Code,191301:Tuner and Television Subsystem,dlebioda
FV9CPSC_Code,191700:Consumer Electronics Wireless Interface Subsystem,dlebioda
FV9CPSC_Code,191701:Consumer Electronics Interface Module,dlebioda
FV9CPSC_Code,030600:Engine Cranking Subsystem,mhuddy
FV9CPSC_Code,030603:Starter Motor,mhuddy
FV9CPSC_Code,140000:Electrical Power Supply System,mhuddy
FV9CPSC_Code,140100:Service Battery Subsystem,mhuddy
FV9CPSC_Code,140101:Battery and Heat Shield & Battery Management System,mhuddy
FV9CPSC_Code,140200:Generator/Alternator and Regulator Subsystem,mhuddy
FV9CPSC_Code,140201:Generator/Alternator,mhuddy
FV9CPSC_Code,012006:Restraint Electronics,dtippy
FV9CPSC_Code,012017:Restraint - Pedestrian Sensing,dtippy
FV9CPSC_Code,190300:Intelligent Cruise Control Subsystem,amills2
FV9CPSC_Code,190301:Collision Avoidance,amills2
FV9CPSC_Code,190707:Night Vision Sub-System,amills2
FV9CPSC_Code,190708:Lane Departure Avoidance,amills2
FV9CPSC_Code,140300:High Voltage Traction Battery Subsystem,mkimoto2
FV9CPSC_Code,140301:Traction Battery,mkimoto2
FV9CPSC_Code,140802:Battery Condition / Protect Sys,mkimoto2
FV9CPSC_Code,140303:Power Cabling > 12V DC,nbasouke
FV9CPSC_Code,140304:Traction Battery Charger,mdedona
FV9CPSC_Code,140500:Voltage Converter / Inverter Subsystem,mdedona
FV9CPSC_Code,140501:Power Converter,mdedona
FV9CPSC_Code,140504:High Voltage Converter system,mdedona
FV9CPSC_Code,140502:Inverter,lxu3
FV9CPSC_Code,003100:Global Stop Start System,cpedlar
